User_Count,Algorithm,Fitness,Fitness_Std,Fitness_Max,Fitness_Min,Coverage_Rate,Energy_Normalized,Interference_Rate,Runtime_Seconds
50,GA,0.4398970982863934,0.016662017718253947,0.4650472543154775,0.3953887054740047,1.0,0.6901145085680325,0.11040000000000001,0.7367679659975692
50,H-PSO-GA,0.44772826763268475,0.016579053367484303,0.4662251655629139,0.3902251655629138,1.0,0.6769586618365758,0.08440000000000002,0.6949069560004864
50,H-WOA-PSO,0.44851410042550116,0.016189940327448166,0.4662251655629139,0.3902251655629138,0.9992,0.673429497872494,0.0816,0.6432142560032662
50,I-WOA,0.4471883512145273,0.012870062965550497,0.4662251655629139,0.4008987815061925,0.9972,0.6868582439273628,0.0688,1.8430049500020687
50,PSO,0.4472493365883704,0.016316264310779146,0.4662251655629139,0.3902251655629138,1.0,0.6733533170581477,0.09040000000000001,0.5768914300005418
50,WOA,0.4500353816874619,0.012546669137710836,0.4662251655629139,0.4208792217783378,0.9995999999999999,0.6778230915626903,0.0708,0.5798946140008048
100,GA,0.43677660890675724,0.015719246429466923,0.462773478938698,0.3887553618140333,0.9995999999999999,0.6973169554662134,0.1176,0.8545249020028859
100,H-PSO-GA,0.44769783706732724,0.011220490606691266,0.4639456446328141,0.4082251655629139,0.9987999999999999,0.6823108146633635,0.0756,0.7041493999981321
100,H-WOA-PSO,0.44583606626375755,0.01193849871016265,0.4662251655629139,0.4082251655629139,0.9978,0.6812196686812118,0.083,0.6568110720033292
100,I-WOA,0.4412183505248361,0.014825144932234096,0.4660892571501625,0.3850198277625839,0.998,0.6921082473758191,0.0958,1.8322915460041258
100,PSO,0.4479863967536032,0.010674215726987403,0.4602251655629139,0.4082251655629139,0.9987999999999999,0.6784680162319836,0.078,0.6673337560030632
100,WOA,0.4429147818667944,0.012780523200622835,0.4658836222846888,0.4082251655629139,0.9968,0.6910260906660275,0.0848,0.6382077540003229
150,GA,0.4399144919112791,0.013094094515339551,0.4581564041270774,0.407920449121911,0.9985333333333334,0.6965608737769373,0.09946666666666663,0.8874453879927751
150,H-PSO-GA,0.44329077074015083,0.016029827370174537,0.4632054080785286,0.3915502306529912,0.9985333333333333,0.6827461462992456,0.09639999999999997,0.7086090299999341
150,H-WOA-PSO,0.4451756520031789,0.015379906816961438,0.4648918322295805,0.3990929763493239,0.9976,0.6821217399841052,0.08479999999999997,0.6802863979933318
150,I-WOA,0.4420344816912247,0.01455439706843985,0.4634875436515809,0.4095329083215703,0.9958666666666666,0.6923609248772092,0.08506666666666662,3.520556927997386
150,PSO,0.446033546015202,0.01460233979328333,0.4648918322295805,0.4073715805903283,0.9984000000000001,0.6758322699239895,0.08919999999999996,0.6711139640014153
150,WOA,0.4439146714986098,0.012676762898696351,0.4648873796527726,0.4139703855278444,0.9974666666666667,0.6890933091736176,0.0837333333333333,0.6455476980027742
200,GA,0.43540214760028745,0.016147718003210895,0.456461208258424,0.3877463731535714,0.9993000000000001,0.7027892619985623,0.11810000000000001,0.8454178500012495
200,H-PSO-GA,0.44424818563617136,0.013484251614099003,0.4597880091661849,0.4016692523266978,0.9987,0.6815590718191428,0.0933,0.7206756980053615
200,H-WOA-PSO,0.4439490015163606,0.015131591744327719,0.4632251655629139,0.3922251655629138,0.9968,0.6834549924181968,0.0872,0.7249608640035149
200,I-WOA,0.444777760127436,0.012156356196504589,0.4631444777902025,0.3871426093672245,0.9964,0.6917111993628198,0.0736,3.714387795998482
200,PSO,0.4435334984890919,0.015476026157796577,0.4642009370089607,0.3914473998042605,0.9982,0.6802325075545403,0.0967,0.7176638679963071
200,WOA,0.4462844612693824,0.009734901198720449,0.4631016561323633,0.4214335306779937,0.9961,0.6866776936530874,0.0702,0.6893035939987748
250,GA,0.4375726904136457,0.014922519268821535,0.459181527564,0.3880632237958161,0.99824,0.6966165479317712,0.11023999999999999,0.8685344379942399
250,H-PSO-GA,0.440386389472189,0.015986289736724783,0.461579448623877,0.3907223983631269,0.99744,0.6858280526390549,0.10456,0.8136894719966221
250,H-WOA-PSO,0.4402807667637296,0.014269303145425825,0.4630251655629139,0.4038251655629138,0.99576,0.6842761661813516,0.1016,0.8394424299977254
250,I-WOA,0.43937538589171554,0.015102295923738946,0.4598023695033743,0.4048599465792957,0.9956,0.6928830705414221,0.09704,3.854131385999499
250,PSO,0.439062937056646,0.016368869399952704,0.4590251655629139,0.39487081467469,0.9972,0.6800453147167695,0.11624000000000001,0.7236710040015168
250,WOA,0.44095452719825295,0.01532981151834263,0.4630251655629139,0.4022167921346078,0.99496,0.6895473640087348,0.09055999999999999,0.7758543500001542
300,GA,0.43588544047017314,0.014110890681520495,0.4540737879011655,0.4025159697446706,0.9969333333333332,0.6999727976491339,0.11139999999999997,0.8597256500041113
300,H-PSO-GA,0.4371781327931201,0.015523156174495793,0.459347186666985,0.4026994767455547,0.9968666666666667,0.6861093360343993,0.11859999999999996,0.7446848599985242
300,H-WOA-PSO,0.4397784572878824,0.01517084578215497,0.4641653671219915,0.4021749793682012,0.9952,0.6825077135605879,0.10419999999999996,0.8479544739983976
300,I-WOA,0.43585627406548083,0.01549232490123915,0.4588397525914305,0.3800628231086558,0.9936,0.6933186296725954,0.10819999999999996,5.063143802003469
300,PSO,0.43993160628355715,0.014490394397891543,0.4582251655629138,0.4032819788151779,0.9964,0.6820086352488803,0.1075333333333333,0.732450224000495
300,WOA,0.43747719113848776,0.014639580057504289,0.4575426681641403,0.3999696673805885,0.9951333333333333,0.6898807109742277,0.1081333333333333,0.7290267560002394
350,GA,0.43422117948212813,0.016826798960690347,0.4569795949414539,0.3738744339680746,0.9976,0.6970655311607875,0.1246285714285714,0.9063333300023806
350,H-PSO-GA,0.4413123683487108,0.012684804609844566,0.4624086822379329,0.4088433331793797,0.9962857142857143,0.6842381582564454,0.0980571428571428,0.7976840179983992
350,H-WOA-PSO,0.44278323506768524,0.01333118815521438,0.4639394512771996,0.4147965941343424,0.9952571428571428,0.6863695389472878,0.08548571428571425,0.7886225860007108
350,I-WOA,0.4384916968813441,0.015148215344857816,0.4592886954748907,0.4013658787341377,0.9950857142857142,0.6983415155932791,0.09445714285714281,5.0095801000099165
350,PSO,0.4414472795791901,0.014199814677773427,0.4605104221010596,0.4020199916134838,0.9947428571428572,0.6817350306754778,0.09525714285714282,0.6918927619990427
350,WOA,0.44139044471869915,0.013541347209398142,0.461303800302833,0.4082229239429376,0.9945142857142858,0.6934477764065038,0.0831428571428571,0.7560971800016705
400,GA,0.4341934637991951,0.015417987273117398,0.4601210188033932,0.3888115823752752,0.9956499999999999,0.6974826810040241,0.1185,0.9616552100027911
400,H-PSO-GA,0.43371945348640184,0.014182303014554306,0.4558548563203107,0.4019779690253674,0.99535,0.6845527325679908,0.13290000000000002,0.8731367179972586
400,H-WOA-PSO,0.4399015953696185,0.012439651235172152,0.4617251655629139,0.4139299070783687,0.9944500000000001,0.6790920231519075,0.10475,0.8446997220010962
400,I-WOA,0.4375330924184798,0.01398616774638846,0.4573056190388533,0.4033112544714593,0.99535,0.6943345379076007,0.10404999999999999,5.478149102003081
400,PSO,0.4388246757364793,0.012193870034294873,0.4561847432911139,0.4058318430714057,0.99665,0.6845766213176033,0.11125,0.759960273996694
400,WOA,0.4377835791164746,0.012674880949061836,0.4621530123176484,0.4141784126606296,0.99285,0.6928321044176268,0.0968,0.7846768019977026
450,GA,0.4384136862976032,0.015021252073729495,0.4598123308331047,0.3782248084412413,0.9968,0.6949093462897615,0.10342222222222217,0.9553466800006573
450,H-PSO-GA,0.4401380490804916,0.016502839958254367,0.46292472970035,0.3919949621594139,0.9964888888888889,0.6865097545975418,0.10226666666666663,0.9028573700005654
450,H-WOA-PSO,0.4427896789171464,0.014878945054504477,0.4604473877851361,0.3963120801987548,0.9952,0.6816071609698234,0.0900444444444444,0.8854745379963425
450,I-WOA,0.44046144431275264,0.011837628677040149,0.4551511282835203,0.3939129719377785,0.9952888888888889,0.7025816673251255,0.08097777777777773,5.605900747999549
450,PSO,0.4426653596568136,0.01395100507851701,0.4587353827910619,0.3938051054646725,0.9958666666666667,0.6835176461603765,0.09075555555555552,0.8152124699973501
450,WOA,0.44399454032725816,0.010787749203928044,0.4617646240588786,0.4138949812320123,0.9928888888888889,0.6878050761414869,0.07088888888888885,0.8222962239931804
500,GA,0.4366237354353864,0.016303277404620314,0.4588732485389687,0.3716266516651388,0.9960800000000001,0.6946813228230677,0.11044000000000001,1.0587245579983573
500,H-PSO-GA,0.4400702549471833,0.01739242510953763,0.4629310404579967,0.3928642969943342,0.99564,0.6804087252640832,0.10615999999999999,0.8248599200020544
500,H-WOA-PSO,0.4412159334815132,0.014813106335544071,0.4606251655629139,0.3965668790310201,0.99572,0.6887603325924337,0.09232,0.7994997720024548
500,I-WOA,0.438395783588238,0.013739015827667258,0.4561431196680477,0.3893328593726003,0.99444,0.6955410820588099,0.0958,5.426206100005657
500,PSO,0.43881640957347945,0.017578336167164133,0.461905432226097,0.3928990509084044,0.9964,0.6851179521326025,0.11,0.8274548180040437
500,WOA,0.44043895753775625,0.013426805960417305,0.4595272679852834,0.4034184997211835,0.9936799999999999,0.6906052123112185,0.08824,0.8070235539996066
