user_id,x_m,y_m,z_m,demand
1,82,710,57,1
2,139,320,0,1.25
3,564,708,9,1.5
4,117,292,36,1.75
5,49,266,0,2
6,581,714,15,1
7,182,717,62,1.25
8,157,767,61,1.5
9,171,878,58,1.75
10,226,655,63,2
11,468,619,11,1
12,230,356,0,1.25
13,194,796,54,1.5
14,19,269,0,1.75
15,429,613,18,2
16,481,665,13,1
17,0,212,0,1.25
18,235,715,60,1.5
19,503,201,35,1.75
20,274,70,35,2
21,438,660,11,1
22,110,820,59,1.25
23,358,735,12,1.5
24,311,881,62,1.75
25,484,709,13,2
26,542,702,9,1
27,344,243,33,1.25
28,310,408,0,1.5
29,3,368,0,1.75
30,462,622,13,2
31,445,632,14,1
32,68,715,59,1.25
33,552,658,11,1.5
34,130,784,61,1.75
35,130,283,37,2
36,407,600,11,1
37,49,345,0,1.25
38,0,247,0,1.5
39,209,956,55,1.75
40,543,671,13,2
41,177,292,0,1
42,240,229,31,1.25
43,225,920,59,1.5
44,436,585,8,1.75
45,162,840,61,2
46,124,783,69,1
47,155,875,63,1.25
48,194,278,0,1.5
49,130,339,0,1.75
50,506,664,14,2
51,147,666,57,1
52,164,815,63,1.25
53,152,768,57,1.5
54,44,417,0,1.75
55,429,577,13,2
56,237,896,53,1
57,294,170,34,1.25
58,513,635,13,1.5
59,221,205,33,1.75
60,330,719,56,2
61,90,320,0,1
62,176,235,34,1.25
63,444,653,13,1.5
64,330,259,30,1.75
65,244,713,65,2
66,364,507,13,1
67,154,317,0,1.25
68,245,215,44,1.5
69,176,354,0,1.75
70,342,215,33,2
71,41,200,0,1
72,129,882,58,1.25
73,580,641,14,1.5
74,50,298,0,1.75
75,158,842,54,2
76,73,817,61,1
77,410,571,14,1.25
78,199,272,0,1.5
79,275,363,0,1.75
80,499,528,16,2
81,37,343,0,1
82,238,491,0,1.25
83,616,670,3,1.5
84,346,150,33,1.75
85,87,872,62,2
86,33,297,0,1
87,281,227,35,1.25
88,278,353,0,1.5
89,270,217,39,1.75
90,219,763,62,2
91,547,627,11,1
92,260,207,32,1.25
93,259,61,37,1.5
94,440,305,38,1.75
95,199,305,0,2
96,531,546,8,1
97,140,524,0,1.25
98,297,255,39,1.5
99,384,574,15,1.75
100,166,745,60,2
101,569,705,13,1
102,373,331,38,1.25
103,368,576,10,1.5
104,349,130,35,1.75
105,173,321,0,2
106,70,906,58,1
107,493,520,9,1.25
108,432,571,14,1.5
109,192,452,0,1.75
110,86,401,0,2
111,169,783,63,1
112,250,317,0,1.25
113,447,739,7,1.5
114,347,179,30,1.75
115,258,406,0,2
116,385,247,35,1
117,324,329,37,1.25
118,547,603,10,1.5
119,369,680,16,1.75
120,500,609,11,2
121,0,261,0,1
122,128,216,0,1.25
123,185,505,0,1.5
124,42,276,0,1.75
125,300,316,34,2
126,463,582,13,1
127,56,414,0,1.25
128,218,887,60,1.5
129,475,584,11,1.75
130,397,706,10,2
131,352,170,36,1
132,274,230,37,1.25
133,379,680,17,1.5
134,439,165,34,1.75
135,219,837,58,2
136,158,886,61,1
137,234,222,39,1.25
138,100,339,0,1.5
139,142,208,36,1.75
140,99,273,0,2
141,504,506,13,1
142,178,791,60,1.25
143,40,680,57,1.5
144,91,375,0,1.75
145,341,209,36,2
146,159,759,52,1
147,0,377,0,1.25
148,0,730,59,1.5
149,578,692,15,1.75
150,282,259,36,2
151,226,720,60,1
152,470,522,6,1.25
153,424,621,12,1.5
154,317,277,35,1.75
155,135,868,62,2
156,210,284,36,1
157,276,157,37,1.25
158,114,468,0,1.5
159,341,179,34,1.75
160,253,303,0,2
161,300,165,36,1
162,125,339,0,1.25
163,180,599,55,1.5
164,570,609,9,1.75
165,469,592,16,2
166,45,306,0,1
167,410,281,34,1.25
168,277,319,0,1.5
169,293,583,13,1.75
170,379,200,34,2
171,223,946,63,1
172,482,592,23,1.25
173,85,214,0,1.5
174,52,328,0,1.75
175,328,289,33,2
176,123,849,63,1
177,267,892,57,1.25
178,190,272,0,1.5
179,339,156,33,1.75
180,192,728,51,2
181,235,316,0,1
182,39,323,0,1.25
183,184,174,38,1.5
184,412,749,11,1.75
185,396,630,18,2
186,199,203,35,1
187,177,840,61,1.25
188,500,732,14,1.5
189,93,717,57,1.75
190,89,724,66,2
191,456,677,14,1
192,102,784,62,1.25
193,19,310,0,1.5
194,384,508,12,1.75
195,168,174,34,2
196,214,801,58,1
197,302,619,60,1.25
198,419,333,41,1.5
199,241,98,38,1.75
200,461,608,18,2
201,550,554,13,1
202,326,219,39,1.25
203,54,261,0,1.5
204,343,293,40,1.75
205,361,319,41,2
206,190,197,0,1
207,262,427,0,1.25
208,246,328,32,1.5
209,424,562,20,1.75
210,397,550,14,2
211,509,651,11,1
212,395,616,15,1.25
213,86,254,0,1.5
214,390,248,41,1.75
215,303,786,61,2
216,21,746,53,1
217,521,469,17,1.25
218,278,801,67,1.5
219,497,584,13,1.75
220,254,186,39,2
221,557,616,11,1
222,162,853,67,1.25
223,163,263,0,1.5
224,213,893,61,1.75
225,367,130,37,2
226,179,740,61,1
227,441,242,38,1.25
228,437,631,6,1.5
229,506,585,5,1.75
230,7,936,64,2
231,350,114,33,1
232,121,385,0,1.25
233,294,245,35,1.5
234,275,254,39,1.75
235,210,355,0,2
236,304,173,33,1
237,204,417,0,1.25
238,162,214,31,1.5
239,167,275,0,1.75
240,0,343,0,2
241,39,783,58,1
242,73,151,0,1.25
243,1,231,0,1.5
244,316,516,8,1.75
245,318,787,56,2
246,244,851,59,1
247,154,262,0,1.25
248,196,930,59,1.5
249,426,595,11,1.75
250,450,525,7,2
251,507,564,11,1
252,114,815,57,1.25
253,490,503,12,1.5
254,106,467,0,1.75
255,482,614,14,2
256,436,432,13,1
257,567,715,13,1.25
258,444,614,12,1.5
259,215,277,0,1.75
260,186,243,32,2
261,193,778,56,1
262,190,893,61,1.25
263,443,688,22,1.5
264,138,232,0,1.75
265,61,775,65,2
266,38,274,0,1
267,444,610,14,1.25
268,138,828,59,1.5
269,62,944,58,1.75
270,451,489,14,2
271,609,591,8,1
272,426,301,30,1.25
273,234,346,0,1.5
274,63,711,0,1.75
275,102,940,6,2
276,169,989,0,1
277,185,555,0,1.25
278,153,79,24,1.5
279,107,225,12,1.75
280,637,466,12,2
281,84,437,0,1
282,419,343,0,1.25
283,561,123,6,1.5
284,660,800,0,1.75
285,314,285,0,2
286,823,796,24,1
287,621,157,12,1.25
288,416,398,0,1.5
289,747,429,24,1.75
290,902,433,0,2
291,58,289,0,1
292,603,979,0,1.25
293,46,683,12,1.5
294,438,608,24,1.75
295,674,525,18,2
296,95,839,18,1
297,815,283,6,1.25
298,625,16,0,1.5
299,5,668,0,1.75
300,950,671,24,2
301,259,659,12,1
302,366,601,6,1.25
303,962,711,0,1.5
304,900,777,0,1.75
305,398,183,6,2
306,760,741,24,1
307,406,653,12,1.25
308,75,87,0,1.5
309,687,433,0,1.75
310,866,598,0,2
311,235,96,0,1
312,684,179,24,1.25
313,176,308,24,1.5
314,245,132,0,1.75
315,488,915,6,2
316,316,227,18,1
317,760,245,24,1.25
318,166,544,0,1.5
319,323,184,12,1.75
320,539,680,0,2
321,237,97,0,1
322,995,665,12,1.25
323,101,714,0,1.5
324,600,584,6,1.75
325,949,161,6,2
326,462,586,0,1
327,644,370,0,1.25
328,440,106,0,1.5
329,385,69,6,1.75
330,993,362,24,2
331,378,637,12,1
332,755,8,0,1.25
333,16,494,0,1.5
334,825,215,6,1.75
335,830,160,12,2
336,493,216,0,1
337,499,861,12,1.25
338,401,896,0,1.5
339,962,797,24,1.75
340,759,610,12,2
341,128,107,0,1
342,9,222,24,1.25
343,805,194,0,1.5
344,484,446,0,1.75
345,921,819,0,2
346,692,611,24,1
347,693,892,18,1.25
348,170,495,6,1.5
349,397,977,18,1.75
350,319,793,0,2
