Dataset,Total_Users,Num_UAVs,Algorithm,Fitness,Coverage_Rate,Covered_Users,Energy_Normalized,Interference_Rate,Runtime_Seconds
001_UAV_3D_50_users_connect.csv,50,4,GA,0.45822516556291387,1.0,50,0.6688741721854304,0.04,1.0844380999915302
001_UAV_3D_50_users_connect.csv,50,4,PSO,0.45022516556291386,1.0,50,0.6688741721854304,0.08,0.9860563999973238
001_UAV_3D_50_users_connect.csv,50,4,WOA,0.4622251655629139,1.0,50,0.6688741721854304,0.02,0.9065032000071369
001_UAV_3D_50_users_connect.csv,50,4,H-PSO-GA,0.45822516556291387,1.0,50,0.6688741721854304,0.04,1.0215555999893695
001_UAV_3D_50_users_connect.csv,50,4,H-WOA-PSO,0.4622251655629139,1.0,50,0.6688741721854304,0.02,1.1797550999908708
001_UAV_3D_50_users_connect.csv,50,4,I-WOA,0.4622251655629139,1.0,50,0.6688741721854304,0.02,5.4697970999986865
002_UAV_3D_100_users_connect.csv,100,4,GA,0.45071661369960897,1.0,100,0.706416931501955,0.04,1.0920557999634184
002_UAV_3D_100_users_connect.csv,100,4,PSO,0.45687903005482555,1.0,100,0.6756048497258722,0.04,0.8325295000104234
002_UAV_3D_100_users_connect.csv,100,4,WOA,0.4658937447010152,1.0,100,0.6705312764949237,0.0,0.9714890000177547
002_UAV_3D_100_users_connect.csv,100,4,H-PSO-GA,0.46592523051102724,1.0,100,0.6703738474448636,0.0,1.188485499995295
002_UAV_3D_100_users_connect.csv,100,4,H-WOA-PSO,0.4616328690109063,1.0,100,0.6818356549454686,0.01,1.1997814999776892
002_UAV_3D_100_users_connect.csv,100,4,I-WOA,0.4590495666925516,1.0,100,0.674752166537242,0.03,4.257820400001947
003_UAV_3D_150_users_connect.csv,150,4,GA,0.42468385650961793,1.0,150,0.6765807174519102,0.2,1.1186426000203937
003_UAV_3D_150_users_connect.csv,150,4,PSO,0.4222251655629139,0.9933333333333333,149,0.6688741721854304,0.2,0.8865238999715075
003_UAV_3D_150_users_connect.csv,150,4,WOA,0.4222251655629139,0.9933333333333333,149,0.6688741721854304,0.2,0.9705170000088401
003_UAV_3D_150_users_connect.csv,150,4,H-PSO-GA,0.42564088948809553,1.0,150,0.6717955525595222,0.2,1.5685723000206053
003_UAV_3D_150_users_connect.csv,150,4,H-WOA-PSO,0.4244700507414172,1.0,150,0.6709830796262471,0.20666666666666667,1.5734673999832012
003_UAV_3D_150_users_connect.csv,150,4,I-WOA,0.45935745252386767,1.0,150,0.6698794040473282,0.03333333333333333,4.256345600006171
004_UAV_3D_200_users_connect.csv,200,4,GA,0.4558495946975206,1.0,200,0.6707520265123967,0.05,1.4187048000167124
004_UAV_3D_200_users_connect.csv,200,4,PSO,0.45722516556291387,1.0,200,0.6688741721854304,0.045,0.9062147000222467
004_UAV_3D_200_users_connect.csv,200,4,WOA,0.4558266265789611,1.0,200,0.6708668671051942,0.05,0.9787694000406191
004_UAV_3D_200_users_connect.csv,200,4,H-PSO-GA,0.4571214985028451,1.0,200,0.6693925074857743,0.045,1.6286001999978907
004_UAV_3D_200_users_connect.csv,200,4,H-WOA-PSO,0.39222516556291387,0.995,199,0.6688741721854304,0.355,1.5298584999982268
004_UAV_3D_200_users_connect.csv,200,4,I-WOA,0.4572154814266248,1.0,200,0.6689225928668756,0.045,3.9740860000019893
005_UAV_3D_250_users_connect.csv,250,4,GA,0.44160321296985244,0.996,249,0.6919839351507379,0.088,1.2682880000211298
005_UAV_3D_250_users_connect.csv,250,4,PSO,0.42955483497208014,1.0,250,0.692225825139599,0.16,1.103514099959284
005_UAV_3D_250_users_connect.csv,250,4,WOA,0.4249379093280776,0.996,249,0.687310453359612,0.176,1.205306199961342
005_UAV_3D_250_users_connect.csv,250,4,H-PSO-GA,0.427726170578811,1.0,250,0.6893691471059448,0.172,1.3249224000028335
005_UAV_3D_250_users_connect.csv,250,4,H-WOA-PSO,0.4292040650902994,1.0,250,0.6939796745485027,0.16,1.3357250000117347
005_UAV_3D_250_users_connect.csv,250,4,I-WOA,0.43147339875202717,1.0,250,0.7066330062398641,0.136,4.194573700020555
007_UAV_3D_350_users_connect.csv,350,4,GA,0.4242425670801126,0.9971428571428571,349,0.7045014503137222,0.1657142857142857,1.3568768999539316
007_UAV_3D_350_users_connect.csv,350,4,PSO,0.44624341158860953,0.9971428571428571,349,0.6916400849140948,0.06857142857142857,1.0308127000462264
007_UAV_3D_350_users_connect.csv,350,4,WOA,0.4387649141512866,0.98,343,0.6833182863864241,0.06285714285714286,1.3308789000147954
007_UAV_3D_350_users_connect.csv,350,4,H-PSO-GA,0.4450305689058785,1.0,350,0.7005614411848929,0.07428571428571429,1.3068324999767356
007_UAV_3D_350_users_connect.csv,350,4,H-WOA-PSO,0.4459185851393055,0.9914285714285714,347,0.681835645732044,0.06285714285714286,1.4350471000070684
007_UAV_3D_350_users_connect.csv,350,4,I-WOA,0.442357665737993,1.0,350,0.7024973855957491,0.08571428571428572,4.302674999984447
006_UAV_3D_300_users_connect.csv,300,4,GA,0.4497286134933348,1.0,300,0.7013569325333256,0.05,1.1681307000108063
006_UAV_3D_300_users_connect.csv,300,4,PSO,0.45416613412057916,1.0,300,0.689169329397104,0.04,1.261542799999006
006_UAV_3D_300_users_connect.csv,300,4,WOA,0.4475584988962472,0.98,294,0.6688741721854304,0.03333333333333333,1.4587911000126041
006_UAV_3D_300_users_connect.csv,300,4,H-PSO-GA,0.4537543718664082,1.0,300,0.6912281406679589,0.04,1.5711990999989212
006_UAV_3D_300_users_connect.csv,300,4,H-WOA-PSO,0.4541770957317391,1.0,300,0.6924478546746374,0.03666666666666667,1.5307595999911427
006_UAV_3D_300_users_connect.csv,300,4,I-WOA,0.45037793114022767,0.9966666666666667,299,0.6847770109655281,0.05333333333333334,4.002137699979357
008_UAV_3D_400_users_connect.csv,400,4,GA,0.4454039756402567,1.0,400,0.6879801217987165,0.085,1.4544752999790944
008_UAV_3D_400_users_connect.csv,400,4,PSO,0.4360286951296487,0.9925,397,0.7073565243517566,0.09,1.3398197999922559
008_UAV_3D_400_users_connect.csv,400,4,WOA,0.4351643241707874,1.0,400,0.7316783791460629,0.0925,1.5775160999619402
008_UAV_3D_400_users_connect.csv,400,4,H-PSO-GA,0.4461193318738626,0.9975,399,0.6694033406306872,0.0925,1.421016399981454
008_UAV_3D_400_users_connect.csv,400,4,H-WOA-PSO,0.4492269318137536,0.995,398,0.6738653409312315,0.065,1.5505817000521347
008_UAV_3D_400_users_connect.csv,400,4,I-WOA,0.4497449381866935,1.0,400,0.6762753090665323,0.075,4.312406299985014
009_UAV_3D_450_users_connect.csv,450,4,GA,0.44556797010674676,0.9977777777777778,449,0.6899379272440439,0.07555555555555556,1.3549594999640249
009_UAV_3D_450_users_connect.csv,450,4,PSO,0.4506696100073583,0.9955555555555555,448,0.6688741721854304,0.06444444444444444,1.105158600024879
009_UAV_3D_450_users_connect.csv,450,4,WOA,0.4481305618902227,0.9955555555555555,448,0.6726805238822194,0.07333333333333333,1.7747618000139482
009_UAV_3D_450_users_connect.csv,450,4,H-PSO-GA,0.44317141285248113,0.9933333333333333,447,0.6908096024042607,0.07333333333333333,1.6875053000403568
009_UAV_3D_450_users_connect.csv,450,4,H-WOA-PSO,0.4454622730258965,0.9933333333333333,447,0.6793553015371837,0.07333333333333333,1.5544521000119857
009_UAV_3D_450_users_connect.csv,450,4,I-WOA,0.4482899051652856,1.0,450,0.7052171408402386,0.05333333333333334,4.38089679996483
010_UAV_3D_500_users_connect.csv,500,4,GA,0.45116009031364607,1.0,500,0.6961995484317697,0.048,1.6910263000172563
010_UAV_3D_500_users_connect.csv,500,4,PSO,0.4562251655629139,0.996,498,0.6688741721854304,0.038,1.302310300001409
010_UAV_3D_500_users_connect.csv,500,4,WOA,0.436511281800547,0.998,499,0.741443590997265,0.07,1.6370737999677658
010_UAV_3D_500_users_connect.csv,500,4,H-PSO-GA,0.45862143942404326,1.0,500,0.6688928028797834,0.038,1.7104846000438556
010_UAV_3D_500_users_connect.csv,500,4,H-WOA-PSO,0.44682779933019656,1.0,500,0.7158610033490171,0.05,1.5270868000225164
010_UAV_3D_500_users_connect.csv,500,4,I-WOA,0.4447926801675533,0.994,497,0.7180365991622331,0.04,4.2401560000143945
